ID,ステータス,カテゴリ,離脱防止タグ名,離脱防止タグ,クリック時,画像URL,流入経路URL名,流入経路URL,テキスト,経過時間(秒),経過時間設定,フォーム入力中制限,スクロール(px),ブラウザヘッダ遷移,別タブ遷移(ブラウザアプリ離脱も含む),ページ最下部,編集日,編集時間,
"1696","SPのみ表示","SEO","/seo_phimo/kanton_abc_治療必要度が気になる","<script src='https://js.winut.net/winback.js?back_uqid=1B47HK9' async></script>","流入経路URLに遷移する","https://img.winut.net/125/NRLPiO8jxefz56Kw-1773730327.jpg","/seo_phimo/kanton_abc_治療必要度が気になる","https://t.winut.netin/flow/1K8QBKJ","","90","ページ表示から秒経過","未使用","0","停止","停止","停止","2026年03月17日","15:52:07",
"1695","SPのみ表示","SEO","/seo_phimo/kanton_abc_放置するの不安","<script src='https://js.winut.net/winback.js?back_uqid=1B3HFPH' async></script>","流入経路URLに遷移する","https://img.winut.net/125/Z4C2SANwXEizFyV1-1773730297.jpg","/seo_phimo/kanton_abc_放置するの不安","https://t.winut.netin/flow/1K7J9A1","","90","ページ表示から秒経過","未使用","0","停止","停止","停止","2026年03月17日","15:51:37",
"1694","SPのみ表示","SEO","/seo_phimo/shinsei_abc_治療必要度が気になる","<script src='https://js.winut.net/winback.js?back_uqid=1B2T05G' async></script>","流入経路URLに遷移する","https://img.winut.net/125/eR8ZQKGSY84njzEm-1773730256.jpg","/seo_phimo/shinsei_abc_治療必要度が気になる","https://t.winut.netin/flow/1K6D3W9","","90","ページ表示から秒経過","未使用","0","停止","停止","停止","2026年03月17日","15:50:56",
"1693","SPのみ表示","SEO","/seo_phimo/shinsei_abc_ちょっと不安","<script src='https://js.winut.net/winback.js?back_uqid=1B1BUK5' async></script>","流入経路URLに遷移する","https://img.winut.net/125/pxYTDN6I0rhGtmui-1773730224.jpg","/seo_phimo/shinsei_abc_ちょっと不安","https://t.winut.netin/flow/1K51O8O","","90","ページ表示から秒経過","未使用","0","停止","停止","停止","2026年03月17日","15:50:24",
"1692","SPのみ表示","SEO","/seo_phimo/toha_abc_包茎タイプ治療必要度気になる","<script src='https://js.winut.net/winback.js?back_uqid=1B01FN0' async></script>","流入経路URLに遷移する","https://img.winut.net/125/srJo7cL58sdoHiBj-1773730178.jpg","/seo_phimo/toha_abc_包茎タイプ治療必要度気になる","https://t.winut.netin/flow/1K4EDGZ","","90","ページ表示から秒経過","未使用","0","停止","停止","停止","2026年03月17日","15:49:38",
"1691","SPのみ表示","SEO","/seo_phimo/toha_abc_自分の包茎タイプわからない","<script src='https://js.winut.net/winback.js?back_uqid=1AZTZC2' async></script>","流入経路URLに遷移する","https://img.winut.net/125/Vzl1hZBdMkKZwGdq-1773730066.jpg","/seo_phimo/toha_abc_自分の包茎タイプわからない","https://t.winut.netin/flow/1K3HWE6","","90","ページ表示から秒経過","未使用","0","停止","停止","停止","2026年03月17日","15:47:46",
"1690","SPのみ表示","SEO","/seo_phimo/kasei _abc_治療必要度が気になる","<script src='https://js.winut.net/winback.js?back_uqid=1AYN1IS' async></script>","流入経路URLに遷移する","https://img.winut.net/125/SvRD24rizDurgupm-1773730009.jpg","/seo_phimo/kasei _abc_治療必要度が気になる","https://t.winut.netin/flow/1K2326E","","90","ページ表示から秒経過","未使用","0","停止","停止","停止","2026年03月17日","15:46:49",
"1689","SPのみ表示","SEO","/seo_phimo/kasei _abc_このままでいいのか","<script src='https://js.winut.net/winback.js?back_uqid=1AXCJ4X' async></script>","流入経路URLに遷移する","https://img.winut.net/125/m6qDuXzuDQEl89Uv-1773729931.jpg","/seo_phimo/kasei _abc_このままでいいのか","https://t.winut.netin/flow/1K18C9Y","","90","ページ表示から秒経過","未使用","0","停止","停止","停止","2026年03月17日","15:45:31",
"1668","SPのみ表示","SEO","/seo_phimo/kanton_治し方が知りたい","<script src='https://js.winut.net/winback.js?back_uqid=1AC9MD2' async></script>","流入経路URLに遷移する","https://img.winut.net/125/JjmbSj5A3sfrnR2x-1772613752.jpg","/seo_phimo/kanton_治し方が知りたい","https://t.winut.netin/flow/1J60SOG","","90","ページ表示から秒経過","未使用","0","停止","停止","停止","2026年03月04日","17:42:32",
"1666","SPのみ表示","SEO","/seo_phimo/kanton_放っておいて不安","<script src='https://js.winut.net/winback.js?back_uqid=1AASXQI' async></script>","流入経路URLに遷移する","https://img.winut.net/125/oN6oXe7wk4vD7YPE-1772615831.jpg","/seo_phimo/kanton_放っておいて不安","https://t.winut.netin/flow/1J5J4KY","","90","ページ表示から秒経過","未使用","0","停止","停止","停止","2026年03月04日","18:17:11",
"1665","SPのみ表示","SEO","/seo_phimo/toha_自分に合った治し方が知りたい","<script src='https://js.winut.net/winback.js?back_uqid=1A949M6' async></script>","流入経路URLに遷移する","https://img.winut.net/125/2D8c3N4ylvcMGRpT-1772613467.jpg","/seo_phimo/toha_自分に合った治し方が知りたい","https://t.winut.netin/flow/1J4DUPE","","90","ページ表示から秒経過","未使用","0","停止","停止","停止","2026年03月04日","17:37:47",
"1664","SPのみ表示","SEO","/seo_phimo/kasei _治し方が知りたい","<script src='https://js.winut.net/winback.js?back_uqid=1A86VQJ' async></script>","流入経路URLに遷移する","https://img.winut.net/125/UAHWogjf7KEqD0ZT-1772613395.jpg","/seo_phimo/kasei _治し方が知りたい","https://t.winut.netin/flow/1J31EWI","","90","ページ表示から秒経過","未使用","0","停止","停止","停止","2026年03月04日","17:36:35",
"1663","SPのみ表示","SEO","/seo_phimo/kasei _放っておいて不安","<script src='https://js.winut.net/winback.js?back_uqid=1A7XC8V' async></script>","流入経路URLに遷移する","https://img.winut.net/125/QkJr5K7xAYS7iVPG-1772612488.jpg","/seo_phimo/kasei _放っておいて不安","https://t.winut.netin/flow/1J20M1C","","90","ページ表示から秒経過","未使用","0","停止","停止","停止","2026年03月04日","17:21:28",
"1450","SPのみ表示","SEO","/seo_phimo/toha_包茎を治して自分に自信","<script src='https://js.winut.net/winback.js?back_uqid=14APD4T' async></script>","流入経路URLに遷移する","https://img.winut.net/125/kELpKD23hlUnsdFB-1766388881.jpg","/seo_phimo/toha_包茎を治して自分に自信","https://t.winut.netin/flow/1AWYA2G","","60","ページ表示から秒経過","未使用","0","停止","停止","停止","2025年12月22日","16:34:41",
"1449","SPのみ表示","SEO","/seo_phimo/toha_包茎を治して夜の自信","<script src='https://js.winut.net/winback.js?back_uqid=149GS1Q' async></script>","流入経路URLに遷移する","https://img.winut.net/125/x8NQQTCcAXSlZAFW-1766388853.jpg","/seo_phimo/toha_包茎を治して夜の自信","https://t.winut.netin/flow/1AV1EKQ","","60","ページ表示から秒経過","未使用","0","停止","停止","停止","2025年12月22日","16:34:13",
"1373","SPのみ表示","SEO","/seo_phimo/yokohama_包茎を治して自分に自信","<script src='https://js.winut.net/winback.js?back_uqid=1256R43' async></script>","流入経路URLに遷移する","https://img.winut.net/125/pZwBlNm0akI8bw7J-1763616167.jpg","/seo_phimo/yokohama_包茎を治して自分に自","https://t.winut.netin/flow/18CEBY1","","90","ページ表示から秒経過","未使用","0","停止","停止","停止","2025年11月20日","14:22:47",
"1372","SPのみ表示","SEO","/seo_phimo/yokohama_包茎を治して夜の自信","<script src='https://js.winut.net/winback.js?back_uqid=124CTUI' async></script>","流入経路URLに遷移する","https://img.winut.net/125/ZBQfonSoXAulldPP-1763616120.jpg","/seo_phimo/yokohama_包茎を治して夜の自信","https://t.winut.netin/flow/18BQZOD","","90","ページ表示から秒経過","未使用","0","停止","停止","停止","2025年11月20日","14:22:00",
"1371","SPのみ表示","SEO","/seo_phimo/nagoya_包茎を治して自分に自信","<script src='https://js.winut.net/winback.js?back_uqid=123GAAL' async></script>","流入経路URLに遷移する","https://img.winut.net/125/Hl6KLT2xxLIzkVfp-1763616093.jpg","/seo_phimo/nagoya_包茎を治して自分に自信","https://t.winut.netin/flow/18AOMW2","","90","ページ表示から秒経過","未使用","0","停止","停止","停止","2025年11月20日","14:21:33",
"1370","SPのみ表示","SEO","/seo_phimo/nagoya_包茎を治して夜の自信を","<script src='https://js.winut.net/winback.js?back_uqid=122ZHJS' async></script>","流入経路URLに遷移する","https://img.winut.net/125/JKL3lsrZQXFOWP5C-1763616070.jpg","/seo_phimo/nagoya_包茎を治して夜の自信を","https://t.winut.netin/flow/189QBUQ","","90","ページ表示から秒経過","未使用","0","停止","停止","停止","2025年11月20日","14:21:10",
"1369","SPのみ表示","SEO","/seo_phimo/sapporo_包茎を治して自分に自信","<script src='https://js.winut.net/winback.js?back_uqid=121RNG5' async></script>","流入経路URLに遷移する","https://img.winut.net/125/lBTXGPzb2TS1e2FB-1763616047.jpg","/seo_phimo/sapporo_包茎を治して自分に自信","https://t.winut.netin/flow/188HC00","","90","ページ表示から秒経過","未使用","0","停止","停止","停止","2025年11月20日","14:20:47",
"1368","SPのみ表示","SEO","/seo_phimo/sapporo_包茎を治して夜の自信を","<script src='https://js.winut.net/winback.js?back_uqid=12021LW' async></script>","流入経路URLに遷移する","https://img.winut.net/125/rzDUXTDwG9ZeU7ft-1763615998.jpg","/seo_phimo/sapporo_包茎を治して夜の自信を","https://t.winut.netin/flow/187OY7C","","90","ページ表示から秒経過","未使用","0","停止","停止","停止","2025年11月20日","14:19:58",
"1069","SPのみ表示","","テスト","<script src='https://js.winut.net/winback.js?back_uqid=TP8ZCZF' async></script>","そのまま閉じる","https://img.winut.net/125/PI8Ve8wJvtOmxE79-1753323646.gif","","https://t.winut.netin/flow/","","0","","","0","停止","停止","停止","2025年07月24日","11:20:46",
"1051","SPのみ表示","SEO","/seo_phimo/kanton_包茎を治して夜の自信をつ","<script src='https://js.winut.net/winback.js?back_uqid=T7D9VA1' async></script>","流入経路URLに遷移する","https://img.winut.net/125/HmseeBXGjVtEpOVY-1752224748.jpg","/seo_phimo/kanton_包茎を治して夜の自信をつ","https://t.winut.netin/flow/Y23SI46","","60","ページ表示から秒経過","未使用","0","停止","停止","停止","2025年12月18日","18:42:20",
"1050","SPのみ表示","SEO","/seo_phimo/kanton_自分にぴったりの包茎の","<script src='https://js.winut.net/winback.js?back_uqid=T65PKXT' async></script>","流入経路URLに遷移する","https://img.winut.net/125/kiR5sr2cFhz9RdKT-1752224713.jpg","/seo_phimo/kanton_自分にぴったりの包茎の","https://t.winut.netin/flow/Y1JDRIA","","60","ページ表示から秒経過","未使用","0","停止","停止","停止","2025年12月18日","18:42:10",
"1049","SPのみ表示","SEO","/seo_phimo/kanton_包茎を治して自分に自信","<script src='https://js.winut.net/winback.js?back_uqid=T5RKHCD' async></script>","流入経路URLに遷移する","https://img.winut.net/125/kD9L5rftYqUWGGla-1752224687.jpg","/seo_phimo/kanton_包茎を治して自分に自信","https://t.winut.netin/flow/Y0S140Z","","60","ページ表示から秒経過","未使用","0","停止","停止","停止","2025年12月18日","18:41:35",
"1048","SPのみ表示","SEO","/seo_phimo/shinsei_包茎を治して夜の自信を","<script src='https://js.winut.net/winback.js?back_uqid=T4T62HG' async></script>","流入経路URLに遷移する","https://img.winut.net/125/oJDTyFrrGksat3HZ-1752223624.jpg","/seo_phimo/shinsei_包茎を治して夜の自信を","https://t.winut.netin/flow/XZR5J1L","","60","ページ表示から秒経過","未使用","0","停止","停止","停止","2025年12月18日","18:41:57",
"1047","SPのみ表示","SEO","/seo_phimo/shinsei_自分にぴったりの包茎の","<script src='https://js.winut.net/winback.js?back_uqid=T3U80R6' async></script>","流入経路URLに遷移する","https://img.winut.net/125/nhg8BipmFkyobEB2-1752223586.jpg","/seo_phimo/shinsei_自分にぴったりの包茎の","https://t.winut.netin/flow/XYXLLTS","","60","ページ表示から秒経過","未使用","0","停止","停止","停止","2025年12月18日","18:41:27",
"1046","SPのみ表示","SEO","/seo_phimo/shinsei_包茎を治して自分に自信","<script src='https://js.winut.net/winback.js?back_uqid=T26RD24' async></script>","流入経路URLに遷移する","https://img.winut.net/125/0A2PxjAHvOnYQKBm-1752223528.jpg","/seo_phimo/kasei_包茎を治して自分に自信をつけたい!","https://t.winut.netin/flow/XW586EN","","60","ページ表示から秒経過","未使用","0","停止","停止","停止","2025年12月18日","18:41:19",
"1045","SPのみ表示","SEO","/seo_phimo/kasei_包茎を治して夜の自信をつけたい!","<script src='https://js.winut.net/winback.js?back_uqid=T1L1DTP' async></script>","流入経路URLに遷移する","https://img.winut.net/125/2P8jZFVliFO9a794-1752216800.jpg","/seo_phimo/kasei_包茎を治して夜の自信をつけたい!","https://t.winut.netin/flow/XVZ8JF4","","60","ページ表示から秒経過","未使用","0","停止","停止","停止","2025年12月18日","18:41:07",
"1044","SPのみ表示","SEO","/seo_phimo/kasei_包茎を治して自分に自信をつけたい!","<script src='https://js.winut.net/winback.js?back_uqid=T0T6IW2' async></script>","流入経路URLに遷移する","https://img.winut.net/125/1fFHaXI1eVhCkSt6-1752216587.jpg","/seo_phimo/kasei_包茎を治して自分に自信をつけたい!","https://t.winut.netin/flow/XW586EN","","60","ページ表示から秒経過","未使用","0","停止","停止","停止","2025年12月18日","18:40:50",
"1043","SPのみ表示","SEO","/seo_phimo/kasei_自分にぴったりの包茎の直し方を見つける!","<script src='https://js.winut.net/winback.js?back_uqid=SZYC9CW' async></script>","流入経路URLに遷移する","https://img.winut.net/125/pkZpS5EzR8lxGz4M-1752216558.jpg","/seo_phimo/kasei_自分にぴったりの包茎の直し方を見つける!","https://t.winut.netin/flow/XUYXUE1","","60","ページ表示から秒経過","未使用","0","停止","停止","停止","2025年12月18日","18:40:41",
"1034","SPのみ表示","SEO","/seo_phimo/oosaka_包茎を治して自分に自信をつけたい!","<script src='https://js.winut.net/winback.js?back_uqid=SQQL80K' async></script>","流入経路URLに遷移する","https://img.winut.net/125/ZzDzyoxRM9dD7Dwb-1751970263.jpg","/seo_phimo/oosaka_包茎を治して自分に自信をつけたい!","https://t.winut.netin/flow/XKCRUWC","","60","ページ表示から秒経過","未使用","0","停止","停止","停止","2025年12月18日","18:40:27",
"1033","SPのみ表示","SEO","/seo_phimo/oosaka_自分にぴったりの包茎の直し方を見つける!","<script src='https://js.winut.net/winback.js?back_uqid=SP41KM1' async></script>","流入経路URLに遷移する","https://img.winut.net/125/QQ2TfOE5v8V3O2rX-1751970237.jpg","/seo_phimo/oosaka_自分にぴったりの包茎の直し方を見つける!","https://t.winut.netin/flow/XJ18N23","","60","ページ表示から秒経過","未使用","0","停止","停止","停止","2025年12月18日","18:40:20",
"1032","SPのみ表示","SEO","/seo_phimo/oosaka_包茎を治して夜の自信をつけたい!","<script src='https://js.winut.net/winback.js?back_uqid=SOB5FWR' async></script>","流入経路URLに遷移する","https://img.winut.net/125/wAvv93un1FZqUN6W-1751970198.jpg","/seo_phimo/oosaka_包茎を治して夜の自信をつけたい!","https://t.winut.netin/flow/XIMDOZN","","60","ページ表示から秒経過","未使用","0","停止","停止","停止","2025年12月18日","18:40:11",
"916","SPのみ表示","SEO","/seo_phimo/hiyo_包茎を治して自分に自信をつけたい!","<script src='https://js.winut.net/winback.js?back_uqid=PG4TSZ2' async></script>","流入経路URLに遷移する","https://img.winut.net/125/18kncxjjZkq2S5Wa-1747995518.jpg","/seo_phimo/hiyo_包茎を治して自分に自信をつけたい!","https://t.winut.netin/flow/TY3FBOC","","60","ページ表示から秒経過","未使用","0","停止","停止","停止","2025年12月18日","18:38:17",
"915","SPのみ表示","SEO","/seo_phimo/hiyo_自分にぴったりの包茎の直し方を見つける!","<script src='https://js.winut.net/winback.js?back_uqid=PFL9PV2' async></script>","流入経路URLに遷移する","https://img.winut.net/125/lwRmARELn5QtugjW-1747995465.jpg","/seo_phimo/hiyo_自分にぴったりの包茎の直し方を見つける!","https://t.winut.netin/flow/TXE5EYM","","60","ページ表示から秒経過","未使用","0","停止","停止","停止","2025年12月18日","18:39:58",
"914","SPのみ表示","SEO","/seo_phimo/hiyo_包茎を治して夜の自信をつけたい!","<script src='https://js.winut.net/winback.js?back_uqid=PEE1AQK' async></script>","流入経路URLに遷移する","https://img.winut.net/125/8pD7LUVgmKACnDsj-1747995392.jpg","/seo_phimo/hiyo_包茎を治して夜の自信をつけたい!","https://t.winut.netin/flow/TW5SMNH","","60","ページ表示から秒経過","未使用","0","停止","停止","停止","2025年12月18日","18:39:47",
"652","SPのみ表示","","/phimo/mens/包茎を治して夜の自信を持ちたい！","<script src='https://js.winut.net/winback.js?back_uqid=I4NRM' async></script>","流入経路URLに遷移する","https://img.winut.net/125/TnRieICxIliUsAmb-1737703681.png","/phimo/mens/包茎を治して夜の自信を持ちたい！","https://t.winut.netin/flow/L2UJS","","0","","","0","停止","停止","停止","2025年01月29日","09:13:59",
"651","SPのみ表示","","/phimo/mens/自分にぴったりの包茎の治し方を見つけ","<script src='https://js.winut.net/winback.js?back_uqid=I32BV' async></script>","流入経路URLに遷移する","https://img.winut.net/125/b6RlU8ybNxeTSng5-1737703660.png","/phimo/mens/自分にぴったりの包茎の治し方を見つけ","https://t.winut.netin/flow/L1DAB","","0","","","0","停止","停止","停止","2025年01月29日","09:13:49",
"650","SPのみ表示","","/phimo/mens/包茎を治して自分に自信を持ちたい!","<script src='https://js.winut.net/winback.js?back_uqid=I25AF' async></script>","流入経路URLに遷移する","https://img.winut.net/125/TSnf6Qtw6XDgtDnu-1737703635.png","/phimo/mens/包茎を治して自分に自信を持ちたい!","https://t.winut.netin/flow/L0597","","0","","","0","停止","停止","停止","2025年01月29日","09:13:36",
"649","SPのみ表示","","/phimo/abc/包茎を治して夜の自信を持ちたい！","<script src='https://js.winut.net/winback.js?back_uqid=I1UAX' async></script>","流入経路URLに遷移する","https://img.winut.net/125/abmGKYH14yhnMcOW-1737703612.png","/phimo/abc/包茎を治して夜の自信を持ちたい！","https://t.winut.netin/flow/KZGT0","","0","","","0","停止","停止","停止","2025年01月29日","09:13:15",
"648","SPのみ表示","","/phimo/abc/自分にぴったりの包茎の治し方を見つける","<script src='https://js.winut.net/winback.js?back_uqid=I00RL' async></script>","流入経路URLに遷移する","https://img.winut.net/125/BOEg2FyJdC1QZkNN-1737703585.png","/phimo/abc/自分にぴったりの包茎の治し方を見つける","https://t.winut.netin/flow/KY8BN","","0","","","0","停止","停止","停止","2025年01月29日","09:12:53",
"647","SPのみ表示","","/phimo/abc/包茎を治して自分に自信を持ちたい!","<script src='https://js.winut.net/winback.js?back_uqid=HZ95B' async></script>","流入経路URLに遷移する","https://img.winut.net/125/MylCaPjLdMforkMA-1737703560.png","/phimo/abc/包茎を治して自分に自信を持ちたい!","https://t.winut.netin/flow/KX33P","","0","","","0","停止","停止","停止","2025年01月29日","09:12:24",
