ジャンル,サイト,記事KW,診断タイプ,KWタイプ
医療ダイエット,渋谷,本気で痩せたい,方法診断,悩み
医療ダイエット,こいずみ,1日_摂取カロリー,方法診断,悩み
医療ダイエット,こいずみ,マンジャロ_オンライン,薬診断,商標
医療ダイエット,こいずみ,リベルサス_通販,薬診断,商標
医療ダイエット,こいずみ,メトホルミン_通販,薬診断,商標
医療ダイエット,こいずみ,スルリムマンジャロ,薬診断,商標
医療ダイエット,こいずみ,更年期太り,方法診断,悩み
医療ダイエット,こいずみ,日本人1番痩せる,方法診断,悩み
医療ダイエット,小田,防風通聖散,薬診断,商標
医療ダイエット,小田,メトホルミン通販,薬診断,商標
医療ダイエット,小田,BMI,方法診断,悩み
医療ダイエット,天白,痩せる方法,方法診断,悩み
医療ダイエット,天白,痩身エステ効果,方法診断,悩み
医療ダイエット,天白,医療ダイエット保険適用,方法診断,悩み
医療ダイエット,30,16時間,方法診断,悩み
医療ダイエット,30,痩せる方法,方法診断,悩み
医療ダイエット,30,マンジャロ通販,薬診断,商標
医療ダイエット,30,メトホルミン通販,薬診断,商標
医療ダイエット,smc,メトホルミン_効果,薬診断,商標
医療ダイエット,smc,メトホルミン_通販,薬診断,商標
医療ダイエット,smc,リベルサス_副作用,薬診断,商標
医療ダイエット,smc,マンジャロ_副作用,薬診断,商標
医療ダイエット,smc,マンジャロ_効果_【SEO】薬診断,薬診断,商標
医療ダイエット,smc,マンジャロ_効果,薬診断,商標
医療ダイエット,渋谷,ダイエットパッチ,方法診断,悩み
ED,ginza,DMMED,薬診断,商標
ED,ginza,バイアグラ飲み方,薬診断,商標
ED,ginza,勃起役おすすめ,薬診断,悩み
包茎,茅ヶ崎,kasei,集客診断,悩み
包茎,茅ヶ崎,shinsei,集客診断,悩み
包茎,茅ヶ崎,hiyo,集客診断,悩み
包茎,茅ヶ崎,kanton,集客診断,悩み
包茎,茅ヶ崎,oosaka,集客診断,悩み
包茎,茅ヶ崎,toha,集客診断,悩み
包茎,茅ヶ崎,yokohama,集客診断,悩み
包茎,茅ヶ崎,sapporo,集客診断,悩み
包茎,茅ヶ崎,nagoya,集客診断,悩み
ピル,低用量,値段,薬診断,悩み
ピル,低用量,おすすめ,薬診断,悩み
ピル,ピル,オンライン安い,薬診断,悩み
ピル,産婦人科,もらうだけ,薬診断,悩み
リカバリーウェア,mypicsc_rw,ワークマン口コミ,方法診断,商標
リカバリーウェア,mypics_rw,BAKUNE口コミ,方法診断,商標
リカバリーウェア,mypics_rw,リライブシャツ,方法診断,商標
リカバリーウェア,mypics_rw,ユニクロ買える,方法診断,商標
